datetime,Unnamed: 0,Volcano_Number,Eruption_Number,Activity_Type,ExplosivityIndexMax,StartEvidenceMethod,StartDateYear,StartDateMonth,StartDateDay,EndDateYear,EndDateMonth,EndDateDay,StartDate,EndDate,EruptedVolume,DurationDays,DailyEruptedVolume,timeymd
19691028,137,255060,15160,Confirmed Eruption,2,Observations: Reported,1969,10,28,1970,2,6,1969-10-28,1970-02-06,5000000,102,49019.60784313725,19691028
19691127,1110,266100,16452,Confirmed Eruption,2,Observations: Reported,1969,11,27,1970,12,26,1969-11-27,1970-12-26,5000000,395,12658.227848101265,19691127
19700115,862,252120,15051,Confirmed Eruption,3,Observations: Reported,1970,1,15,1970,2,11,1970-01-15,1970-02-11,50000000,28,1785714.2857142857,19700115
19700216,1077,266030,13598,Confirmed Eruption,2,Observations: Reported,1970,2,16,1970,5,26,1970-02-16,1970-05-26,5000000,100,50000.0,19700216
19700520,104,252010,14995,Confirmed Eruption,2,Observations: Reported,1970,5,20,1970,9,22,1970-05-20,1970-09-22,5000000,126,39682.53968253968,19700520
19700521,121,255020,15137,Confirmed Eruption,2,Observations: Reported,1970,5,21,1971,8,16,1970-05-21,1971-08-16,5000000,453,11037.527593818984,19700521
19701127,989,267020,16526,Confirmed Eruption,2,Observations: Reported,1970,11,27,1971,3,16,1970-11-27,1971-03-16,5000000,110,45454.545454545456,19701127
19710126,105,252010,14996,Confirmed Eruption,2,Observations: Reported,1971,1,26,1972,7,5,1971-01-26,1972-07-05,5000000,527,9487.666034155598,19710126
19710511,1104,266100,16453,Confirmed Eruption,2,Observations: Reported,1971,5,11,1971,10,26,1971-05-11,1971-10-26,5000000,169,29585.798816568047,19710511
19710519,1074,266030,16426,Confirmed Eruption,1,Observations: Reported,1971,5,19,1971,5,19,1971-05-19,1971-05-19,100000,1,100000.0,19710519
19710906,630,256010,15201,Confirmed Eruption,2,Observations: Reported,1971,9,6,1971,12,11,1971-09-06,1971-12-11,5000000,97,51546.39175257732,19710906
19720116,990,267020,16527,Confirmed Eruption,3,Observations: Reported,1972,1,16,1976,4,5,1972-01-16,1976-04-05,50000000,1542,32425.421530479896,19720116
19720702,119,255020,15138,Confirmed Eruption,2,Observations: Reported,1972,7,2,1995,7,2,1972-07-02,1995-07-02,5000000,8401,595.1672419950006,19720702
19721009,93,251070,14973,Confirmed Eruption,1,Observations: Reported,1972,10,9,1972,10,9,1972-10-09,1972-10-09,100000,1,100000.0,19721009
19730106,1075,266030,16427,Confirmed Eruption,2,Observations: Reported,1973,1,6,1973,5,27,1973-01-06,1973-05-27,5000000,142,35211.2676056338,19730106
19730224,106,252010,14997,Confirmed Eruption,3,Observations: Reported,1973,2,24,2000,10,16,1973-02-24,2000-10-16,50000000,10097,4951.965930474398,19730224
19730416,90,251050,14963,Confirmed Eruption,2,Observations: Reported,1973,4,16,1974,2,28,1973-04-16,1974-02-28,5000000,319,15673.98119122257,19730416
19730915,1105,266100,16454,Confirmed Eruption,1,Observations: Reported,1973,9,15,1974,12,16,1973-09-15,1974-12-16,100000,458,218.34061135371178,19730915
19731004,863,252120,15052,Confirmed Eruption,2,Observations: Reported,1973,10,4,1973,10,19,1973-10-04,1973-10-19,5000000,16,312500.0,19731004
19740214,683,251030,14946,Confirmed Eruption,2,Observations: Reported,1974,2,14,1974,8,8,1974-02-14,1974-08-08,5000000,176,28409.090909090908,19740214
19740304,679,251020,14927,Confirmed Eruption,3,Observations: Reported,1974,3,4,1999,11,9,1974-03-04,1999-11-09,50000000,9382,5329.354082285227,19740304
19741017,94,251070,14974,Confirmed Eruption,1,Observations: Reported,1974,10,17,1974,10,17,1974-10-17,1974-10-17,100000,1,100000.0,19741017
19741112,138,255060,15162,Confirmed Eruption,1,Observations: Reported,1974,11,12,1974,12,12,1974-11-12,1974-12-12,100000,31,3225.8064516129034,19741112
19741230,684,251030,14947,Confirmed Eruption,2,Observations: Reported,1974,12,30,1975,6,26,1974-12-30,1975-06-26,5000000,179,27932.96089385475,19741230
19750816,139,255060,15163,Confirmed Eruption,1,Observations: Reported,1975,8,16,1975,8,16,1975-08-16,1975-08-16,100000,1,100000.0,19750816
19751116,1106,266100,16455,Confirmed Eruption,2,Observations: Reported,1975,11,16,1980,7,2,1975-11-16,1980-07-02,5000000,1691,2956.830277942046,19751116
19760102,91,251050,14964,Confirmed Eruption,1,Observations: Reported,1976,1,2,1976,1,2,1976-01-02,1976-01-02,100000,1,100000.0,19760102
19760824,132,255060,15164,Confirmed Eruption,1,Observations: Reported,1976,8,24,1976,10,13,1976-08-24,1976-10-13,100000,51,1960.7843137254902,19760824
19760915,983,267020,16528,Confirmed Eruption,2,Observations: Reported,1976,9,15,1977,9,16,1976-09-15,1977-09-16,5000000,367,13623.978201634878,19760915
19770222,133,255060,15165,Confirmed Eruption,1,Observations: Reported,1977,2,22,1977,2,22,1977-02-22,1977-02-22,100000,1,100000.0,19770222
19770717,134,255060,15166,Confirmed Eruption,1,Observations: Reported,1977,7,17,1977,7,22,1977-07-17,1977-07-22,100000,6,16666.666666666668,19770717
19780222,984,267020,16529,Confirmed Eruption,1,Observations: Reported,1978,2,22,1978,12,18,1978-02-22,1978-12-18,100000,300,333.3333333333333,19780222
19780507,864,252120,15053,Confirmed Eruption,3,Observations: Reported,1978,5,7,1978,5,14,1978-05-07,1978-05-14,50000000,8,6250000.0,19780507
19780621,135,255060,15167,Confirmed Eruption,2,Observations: Reported,1978,6,21,1978,7,22,1978-06-21,1978-07-22,5000000,32,156250.0,19780621
19790112,685,251030,14948,Confirmed Eruption,2,Observations: Reported,1979,1,12,1979,8,9,1979-01-12,1979-08-09,5000000,210,23809.52380952381,19790112
19790531,985,267020,16530,Confirmed Eruption,1,Observations: Reported,1979,5,31,1979,5,31,1979-05-31,1979-05-31,100000,1,100000.0,19790531
19800107,686,251030,14949,Uncertain Eruption,1,unknown,1980,1,7,1980,1,17,1980-01-07,1980-01-17,100000,11,9090.90909090909,19800107
19800324,986,267020,16531,Confirmed Eruption,1,Observations: Reported,1980,3,24,1980,9,13,1980-03-24,1980-09-13,100000,174,574.7126436781609,19800324
19800904,613,268060,16667,Confirmed Eruption,2,Observations: Reported,1980,9,4,1980,9,23,1980-09-04,1980-09-23,5000000,20,250000.0,19800904
19801006,865,252120,15054,Confirmed Eruption,3,Observations: Reported,1980,10,6,1980,10,7,1980-10-06,1980-10-07,50000000,2,25000000.0,19801006
19801007,136,255060,15168,Confirmed Eruption,1,Observations: Reported,1980,10,7,1981,2,25,1980-10-07,1981-02-25,100000,142,704.2253521126761,19801007
19810304,997,268040,16593,Confirmed Eruption,1,Observations: Reported,1981,3,4,1981,7,25,1981-03-04,1981-07-25,100000,144,694.4444444444445,19810304
19820407,127,255060,15170,Confirmed Eruption,2,Observations: Reported,1982,4,7,1982,6,2,1982-04-07,1982-06-02,5000000,57,87719.29824561403,19820407
19820702,987,267020,16532,Confirmed Eruption,1,Observations: Reported,1982,7,2,1982,7,2,1982-07-02,1982-07-02,100000,1,100000.0,19820702
19820826,1076,266030,16428,Confirmed Eruption,3,Observations: Reported,1982,8,26,1982,11,10,1982-08-26,1982-11-10,50000000,77,649350.6493506493,19820826
19830516,988,267020,16533,Confirmed Eruption,3,Observations: Reported,1983,5,16,1988,12,31,1983-05-16,1988-12-31,50000000,2057,24307.243558580456,19830516
19830718,1072,266010,16423,Confirmed Eruption,4,Observations: Reported,1983,7,18,1983,12,16,1983-07-18,1983-12-16,500000000,152,3289473.6842105263,19830718
19830809,614,268060,16668,Confirmed Eruption,3,Observations: Reported,1983,8,9,1983,8,12,1983-08-09,1983-08-12,50000000,4,12500000.0,19830809
19831106,866,252120,15055,Confirmed Eruption,1,Observations: Reported,1983,11,6,1984,3,13,1983-11-06,1984-03-13,100000,129,775.1937984496124,19831106
19840524,1088,266030,16429,Confirmed Eruption,3,Observations: Reported,1984,5,24,1984,8,31,1984-05-24,1984-08-31,50000000,100,500000.0,19840524
19840603,631,256010,15202,Confirmed Eruption,2,Observations: Reported,1984,6,3,1985,6,13,1984-06-03,1985-06-13,5000000,376,13297.872340425532,19840603
19840605,1107,266100,16456,Uncertain Eruption,1,unknown,1984,6,5,1984,11,16,1984-06-05,1984-11-16,100000,165,606.060606060606,19840605
19840823,867,252120,15056,Confirmed Eruption,1,Observations: Reported,1984,8,23,1984,9,11,1984-08-23,1984-09-11,100000,20,5000.0,19840823
19841230,856,252120,15057,Confirmed Eruption,1,Observations: Reported,1984,12,30,1985,1,27,1984-12-30,1985-01-27,100000,29,3448.2758620689656,19841230
19850519,1089,266030,16430,Confirmed Eruption,2,Observations: Reported,1985,5,19,1985,5,20,1985-05-19,1985-05-20,5000000,2,2500000.0,19850519
19851117,857,252120,15058,Confirmed Eruption,3,Observations: Reported,1985,11,17,1985,11,22,1985-11-17,1985-11-22,50000000,6,8333333.333333333,19851117
19851209,128,255060,15171,Confirmed Eruption,1,Observations: Reported,1985,12,9,1986,2,28,1985-12-09,1986-02-28,100000,82,1219.5121951219512,19851209
19860322,1108,266100,16457,Confirmed Eruption,2,Observations: Reported,1986,3,22,1987,5,13,1986-03-22,1987-05-13,5000000,418,11961.722488038278,19860322
19860705,129,255060,15172,Confirmed Eruption,1,Observations: Reported,1986,7,5,1986,7,23,1986-07-05,1986-07-23,100000,19,5263.1578947368425,19860705
19870413,998,268040,16594,Confirmed Eruption,1,Observations: Reported,1987,4,13,1987,4,26,1987-04-13,1987-04-26,100000,14,7142.857142857143,19870413
19880212,607,268060,16669,Confirmed Eruption,2,Observations: Reported,1988,2,12,1988,3,16,1988-02-12,1988-03-16,5000000,34,147058.82352941178,19880212
19880421,1109,266100,16458,Confirmed Eruption,1,Observations: Reported,1988,4,21,1988,5,1,1988-04-21,1988-05-01,100000,11,9090.90909090909,19880421
19880509,1071,265090,16420,Confirmed Eruption,3,Observations: Reported,1988,5,9,1988,5,17,1988-05-09,1988-05-17,50000000,9,5555555.555555556,19880509
19880729,615,268070,16689,Confirmed Eruption,3,Observations: Reported,1988,7,29,1988,8,5,1988-07-29,1988-08-05,50000000,8,6250000.0,19880729
19890101,858,252120,15059,Confirmed Eruption,2,Observations: Reported,1989,1,1,1989,12,16,1989-01-01,1989-12-16,5000000,350,14285.714285714286,19890101
19890422,1090,266030,16431,Confirmed Eruption,2,Observations: Reported,1989,4,22,1989,4,23,1989-04-22,1989-04-23,5000000,2,2500000.0,19890422
19890716,977,267020,16534,Confirmed Eruption,1,Observations: Reported,1989,7,16,1989,7,16,1989-07-16,1989-07-16,100000,1,100000.0,19890716
19890816,624,256010,15203,Confirmed Eruption,1,Observations: Reported,1989,8,16,1990,2,16,1989-08-16,1990-02-16,100000,185,540.5405405405405,19890816
19900425,608,268060,16670,Confirmed Eruption,3,Observations: Reported,1990,4,25,1990,4,26,1990-04-25,1990-04-26,50000000,2,25000000.0,19900425
19910504,130,255060,15173,Confirmed Eruption,2,Observations: Reported,1991,5,4,1991,9,16,1991-05-04,1991-09-16,5000000,136,36764.705882352944,19910504
19910517,1098,266100,16459,Confirmed Eruption,3,Observations: Reported,1991,5,17,1992,1,16,1991-05-17,1992-01-16,50000000,245,204081.6326530612,19910517
19910522,1091,266030,16432,Confirmed Eruption,2,Observations: Reported,1991,5,22,1996,9,29,1991-05-22,1996-09-29,5000000,1958,2553.6261491317673,19910522
19910615,609,268060,16671,Uncertain Eruption,1,unknown,1991,6,15,1991,6,15,1991-06-15,1991-06-15,100000,1,100000.0,19910615
19910702,978,267020,16535,Confirmed Eruption,2,Observations: Reported,1991,7,2,1993,12,31,1991-07-02,1993-12-31,5000000,914,5470.459518599562,19910702
19920407,992,267040,16569,Confirmed Eruption,1,Observations: Reported,1992,4,7,1992,4,7,1992-04-07,1992-04-07,100000,1,100000.0,19920407
19930112,859,252120,15060,Confirmed Eruption,2,Observations: Reported,1993,1,12,1993,1,31,1993-01-12,1993-01-31,5000000,20,250000.0,19930112
19930506,610,268060,16672,Confirmed Eruption,2,Observations: Reported,1993,5,6,1993,5,21,1993-05-06,1993-05-21,5000000,16,312500.0,19930506
19931103,92,251050,14965,Confirmed Eruption,1,Observations: Reported,1993,11,3,1993,11,25,1993-11-03,1993-11-25,100000,23,4347.826086956522,19931103
19940116,611,268060,16673,Confirmed Eruption,2,Observations: Reported,1994,1,16,1994,10,15,1994-01-16,1994-10-15,5000000,273,18315.018315018315,19940116
19940419,860,252120,15061,Confirmed Eruption,1,Observations: Reported,1994,4,19,1994,6,16,1994-04-19,1994-06-16,100000,59,1694.915254237288,19940419
19940919,1205,252140,15096,Confirmed Eruption,4,Observations: Reported,1994,9,19,1995,4,16,1994-09-19,1995-04-16,500000000,210,2380952.380952381,19940919
19950702,625,256010,15204,Confirmed Eruption,1,Observations: Reported,1995,7,2,1995,7,2,1995-07-02,1995-07-02,100000,1,100000.0,19950702
19951109,979,267020,16536,Confirmed Eruption,1,Observations: Reported,1995,11,9,1995,12,17,1995-11-09,1995-12-17,100000,39,2564.102564102564,19951109
19951128,1206,252140,15097,Confirmed Eruption,2,Observations: Reported,1995,11,28,2001,9,5,1995-11-28,2001-09-05,5000000,2109,2370.791844476055,19951128
19960702,612,268060,16674,Confirmed Eruption,2,Observations: Reported,1996,7,2,1996,7,2,1996-07-02,1996-07-02,5000000,1,5000000.0,19960702
19961001,980,267020,16537,Confirmed Eruption,1,Observations: Reported,1996,10,1,1997,6,16,1996-10-01,1997-06-16,100000,259,386.1003861003861,19961001
19970116,131,255060,15174,Confirmed Eruption,1,Observations: Reported,1997,1,16,1997,1,17,1997-01-16,1997-01-17,100000,2,50000.0,19970116
19980705,981,267020,16538,Confirmed Eruption,1,Observations: Reported,1998,7,5,1998,7,5,1998-07-05,1998-07-05,100000,1,100000.0,19980705
19981218,993,268030,16579,Confirmed Eruption,2,Observations: Reported,1998,12,18,1999,9,16,1998-12-18,1999-09-16,5000000,273,18315.018315018315,19981218
19990216,123,255060,15176,Confirmed Eruption,1,Observations: Reported,1999,2,16,1999,5,16,1999-02-16,1999-05-16,100000,90,1111.111111111111,19990216
19990316,982,267020,16539,Confirmed Eruption,3,Observations: Reported,1999,3,16,2003,10,28,1999-03-16,2003-10-28,50000000,1688,29620.85308056872,19990316
19990516,626,256010,15205,Confirmed Eruption,1,Observations: Reported,1999,5,16,1999,5,16,1999-05-16,1999-05-16,100000,1,100000.0,19990516
19991020,861,252120,15062,Confirmed Eruption,1,Observations: Reported,1999,10,20,1999,10,20,1999-10-20,1999-10-20,100000,1,100000.0,19991020
19991116,124,255060,15178,Confirmed Eruption,1,Observations: Reported,1999,11,16,2003,8,16,1999-11-16,2003-08-16,100000,1370,72.99270072992701,19991116
20000228,120,255020,15139,Confirmed Eruption,2,Observations: Reported,2000,2,28,2024,11,22,2000-02-28,2024-11-22,5000000,9035,553.4034311012729,20000228
20000229,627,256010,15206,Confirmed Eruption,1,Observations: Reported,2000,2,29,2001,5,8,2000-02-29,2001-05-08,100000,435,229.88505747126436,20000229
20000510,1099,266100,16460,Confirmed Eruption,2,Observations: Reported,2000,5,10,2001,8,18,2000-05-10,2001-08-18,5000000,466,10729.613733905579,20000510
20000513,1083,266030,16435,Confirmed Eruption,2,Observations: Reported,2000,5,13,2003,9,4,2000-05-13,2003-09-04,5000000,1210,4132.231404958678,20000513
20000603,673,251020,14928,Confirmed Eruption,2,Observations: Reported,2000,6,3,2000,6,4,2000-06-03,2000-06-04,5000000,2,2500000.0,20000603
20000928,850,252120,15063,Confirmed Eruption,4,Observations: Reported,2000,9,28,2000,11,1,2000-09-28,2000-11-01,500000000,35,14285714.285714285,20000928
20010116,851,252120,15064,Confirmed Eruption,3,Observations: Reported,2001,1,16,2001,5,3,2001-01-16,2001-05-03,50000000,108,462962.962962963,20010116
20010614,674,251020,14929,Confirmed Eruption,2,Observations: Reported,2001,6,14,2001,6,25,2001-06-14,2001-06-25,5000000,12,416666.6666666667,20010614
20010828,852,252120,15065,Confirmed Eruption,2,Observations: Reported,2001,8,28,2001,8,28,2001-08-28,2001-08-28,5000000,1,5000000.0,20010828
20020113,675,251020,14930,Confirmed Eruption,3,Observations: Reported,2002,1,13,2002,5,21,2002-01-13,2002-05-21,50000000,129,387596.8992248062,20020113
20020209,1100,266100,16461,Confirmed Eruption,2,Observations: Reported,2002,2,9,2002,5,16,2002-02-09,2002-05-16,5000000,97,51546.39175257732,20020209
20020416,628,256010,15207,Uncertain Eruption,1,Observations: Reported,2002,4,16,2002,4,16,2002-04-16,2002-04-16,100000,1,100000.0,20020416
20020525,108,252010,14998,Confirmed Eruption,2,Observations: Reported,2002,5,25,2003,4,9,2002-05-25,2003-04-09,5000000,320,15625.0,20020525
20020802,95,251070,14975,Uncertain Eruption,2,unknown,2002,8,2,2002,8,2,2002-08-02,2002-08-02,5000000,1,5000000.0,20020802
20020803,838,252080,15027,Confirmed Eruption,3,Observations: Reported,2002,8,3,2003,3,26,2002-08-03,2003-03-26,50000000,236,211864.40677966102,20020803
20020822,853,252120,15066,Confirmed Eruption,2,Observations: Reported,2002,8,22,2002,11,3,2002-08-22,2002-11-03,5000000,74,67567.56756756757,20020822
20020925,964,267010,16493,Confirmed Eruption,4,Observations: Reported,2002,9,25,2002,9,29,2002-09-25,2002-09-29,500000000,5,100000000.0,20020925
20021006,1207,252140,15098,Confirmed Eruption,2,Observations: Reported,2002,10,6,2004,2,17,2002-10-06,2004-02-17,5000000,500,10000.0,20021006
20021031,676,251020,14931,Confirmed Eruption,2,Observations: Reported,2002,10,31,2002,10,31,2002-10-31,2002-10-31,5000000,1,5000000.0,20021031
20021116,629,256010,15208,Uncertain Eruption,1,unknown,2002,11,16,2002,11,16,2002-11-16,2002-11-16,100000,1,100000.0,20021116
20021223,1101,266100,16462,Confirmed Eruption,2,Observations: Reported,2002,12,23,2003,4,1,2002-12-23,2003-04-01,5000000,100,50000.0,20021223
20030414,854,252120,15071,Confirmed Eruption,2,Observations: Reported,2003,4,14,2003,10,10,2003-04-14,2003-10-10,5000000,180,27777.777777777777,20030414
20030517,677,251020,14932,Confirmed Eruption,1,Observations: Reported,2003,5,17,2003,5,23,2003-05-17,2003-05-23,100000,7,14285.714285714286,20030517
20030731,601,268060,16675,Confirmed Eruption,2,Observations: Reported,2003,7,31,2003,10,2,2003-07-31,2003-10-02,5000000,64,78125.0,20030731
20030912,1102,266100,16463,Confirmed Eruption,3,Observations: Reported,2003,9,12,2003,9,12,2003-09-12,2003-09-12,50000000,1,50000000.0,20030912
20031026,678,251020,14933,Confirmed Eruption,1,Observations: Reported,2003,10,26,2004,3,28,2003-10-26,2004-03-28,100000,155,645.1612903225806,20031026
20040120,98,252010,14999,Confirmed Eruption,2,Observations: Reported,2004,1,20,2004,1,27,2004-01-20,2004-01-27,5000000,8,625000.0,20040120
20040224,836,252080,15028,Uncertain Eruption,1,unknown,2004,2,24,2004,2,24,2004-02-24,2004-02-24,100000,1,100000.0,20040224
20040315,125,255060,15179,Confirmed Eruption,1,Observations: Reported,2004,3,15,2004,3,15,2004-03-15,2004-03-15,100000,1,100000.0,20040315
20040402,971,267020,16540,Confirmed Eruption,2,Observations: Reported,2004,4,2,2005,8,5,2004-04-02,2005-08-05,5000000,491,10183.299389002037,20040402
20040412,855,252120,15072,Confirmed Eruption,2,Observations: Reported,2004,4,12,2004,4,14,2004-04-12,2004-04-14,5000000,3,1666666.6666666667,20040412
20040602,991,267040,16570,Confirmed Eruption,2,Observations: Reported,2004,6,2,2004,8,16,2004-06-02,2004-08-16,5000000,76,65789.47368421052,20040602
20041018,1084,266030,16436,Confirmed Eruption,3,Observations: Reported,2004,10,18,2004,12,27,2004-10-18,2004-12-27,50000000,71,704225.352112676,20041018
20041024,669,251020,14934,Confirmed Eruption,4,Observations: Reported,2004,10,24,2009,12,12,2004-10-24,2009-12-12,500000000,1876,266524.52025586355,20041024
20041124,99,252010,15000,Confirmed Eruption,2,Observations: Reported,2004,11,24,2004,12,25,2004-11-24,2004-12-25,5000000,32,156250.0,20041124
20050125,1208,252140,15099,Confirmed Eruption,2,Observations: Reported,2005,1,25,2006,2,17,2005-01-25,2006-02-17,5000000,389,12853.470437017995,20050125
20050327,844,252120,15073,Confirmed Eruption,2,Observations: Reported,2005,3,27,2005,8,9,2005-03-27,2005-08-09,5000000,136,36764.705882352944,20050327
20050419,1085,266030,16437,Confirmed Eruption,2,Observations: Reported,2005,4,19,2005,7,18,2005-04-19,2005-07-18,5000000,91,54945.054945054944,20050419
20050419,100,252010,15001,Confirmed Eruption,2,Observations: Reported,2005,4,19,2006,3,31,2005-04-19,2006-03-31,5000000,347,14409.22190201729,20050419
20051016,832,252070,15007,Confirmed Eruption,2,Observations: Reported,2005,10,16,2005,11,17,2005-10-16,2005-11-17,5000000,33,151515.15151515152,20051016
20051222,1073,266020,20947,Confirmed Eruption,1,Observations: Reported,2005,12,22,2005,12,22,2005-12-22,2005-12-22,100000,1,100000.0,20051222
20051226,1092,266030,16433,Confirmed Eruption,1,Observations: Reported,2005,12,26,2006,1,24,2005-12-26,2006-01-24,100000,30,3333.3333333333335,20051226
20060211,621,256010,15209,Confirmed Eruption,2,Observations: Reported,2006,2,11,2007,11,9,2006-02-11,2007-11-09,5000000,637,7849.293563579278,20060211
20060301,845,252120,15074,Confirmed Eruption,2,Observations: Reported,2006,3,1,2007,1,18,2006-03-01,2007-01-18,5000000,324,15432.098765432098,20060301
20060703,972,267020,16541,Confirmed Eruption,1,Observations: Reported,2006,7,3,2007,10,16,2006-07-03,2007-10-16,100000,471,212.31422505307856,20060703
20060809,101,252010,15002,Confirmed Eruption,2,Observations: Reported,2006,8,9,2008,7,6,2006-08-09,2008-07-06,5000000,698,7163.323782234957,20060809
20060811,1209,252140,15100,Confirmed Eruption,4,Observations: Reported,2006,8,11,2010,1,31,2006-08-11,2010-01-31,500000000,1270,393700.7874015748,20060811
20061017,96,251070,14976,Confirmed Eruption,1,Observations: Reported,2006,10,17,2006,10,17,2006-10-17,2006-10-17,100000,1,100000.0,20061017
20061214,1093,266030,16434,Confirmed Eruption,1,Observations: Reported,2006,12,14,2006,12,26,2006-12-14,2006-12-26,100000,13,7692.307692307692,20061214
20070402,126,255060,15180,Confirmed Eruption,1,Observations: Reported,2007,4,2,2007,4,6,2007-04-02,2007-04-06,100000,5,20000.0,20070402
20070501,846,252120,15075,Confirmed Eruption,2,Observations: Reported,2007,5,1,2007,5,1,2007-05-01,2007-05-01,5000000,1,5000000.0,20070501
20070519,97,251070,14977,Confirmed Eruption,1,Observations: Reported,2007,5,19,2007,5,21,2007-05-19,2007-05-21,100000,3,33333.333333333336,20070519
20070616,1087,266030,16438,Confirmed Eruption,3,Observations: Reported,2007,6,16,2007,11,9,2007-06-16,2007-11-09,50000000,147,340136.0544217687,20070616
20070708,995,268040,16595,Confirmed Eruption,2,Observations: Reported,2007,7,8,2007,7,16,2007-07-08,2007-07-16,5000000,9,555555.5555555555,20070708
20070823,602,268060,16676,Uncertain Eruption,1,unknown,2007,8,23,2007,8,23,2007-08-23,2007-08-23,100000,1,100000.0,20070823
20070828,837,252080,15029,Confirmed Eruption,1,Observations: Reported,2007,8,28,2007,8,28,2007-08-28,2007-08-28,100000,1,100000.0,20070828
20071225,847,252120,15076,Uncertain Eruption,1,unknown,2007,12,25,2007,12,25,2007-12-25,2007-12-25,100000,1,100000.0,20071225
20080311,833,252070,15008,Confirmed Eruption,1,Observations: Reported,2008,3,11,2008,3,13,2008-03-11,2008-03-13,100000,3,33333.333333333336,20080311
20080312,973,267020,16542,Uncertain Eruption,1,Observations: Aviation,2008,3,12,2008,3,12,2008-03-12,2008-03-12,100000,1,100000.0,20080312
20080405,994,268030,16582,Confirmed Eruption,1,Observations: Reported,2008,4,5,2024,12,19,2008-04-05,2024-12-19,100000,6103,16.385384237260364,20080405
20080510,603,268060,16677,Uncertain Eruption,1,unknown,2008,5,10,2008,5,10,2008-05-10,2008-05-10,100000,1,100000.0,20080510
20080606,1080,266030,16439,Confirmed Eruption,3,Observations: Reported,2008,6,6,2008,11,2,2008-06-06,2008-11-02,50000000,150,333333.3333333333,20080606
20080713,834,252070,15009,Confirmed Eruption,2,Observations: Reported,2008,7,13,2008,10,4,2008-07-13,2008-10-04,5000000,84,59523.80952380953,20080713
20080919,622,256010,15210,Confirmed Eruption,1,Observations: Reported,2008,9,19,2008,11,29,2008-09-19,2008-11-29,100000,72,1388.888888888889,20080919
20081129,976,267020,16543,Confirmed Eruption,2,Observations: Reported,2008,11,29,2010,3,24,2008-11-29,2010-03-24,5000000,481,10395.010395010395,20081129
20090916,102,252010,15003,Confirmed Eruption,2,Observations: Reported,2009,9,16,2010,2,16,2009-09-16,2010-02-16,5000000,154,32467.532467532466,20090916
20100225,687,251030,14951,Uncertain Eruption,1,Observations: Reported,2010,2,25,2010,2,26,2010-02-25,2010-02-26,100000,2,50000.0,20100225
20100526,848,252120,15077,Confirmed Eruption,2,Observations: Reported,2010,5,26,2011,5,27,2010-05-26,2011-05-27,5000000,367,13623.978201634878,20100526
20100723,1210,252140,15101,Confirmed Eruption,1,Observations: Reported,2010,7,23,2010,7,25,2010-07-23,2010-07-25,100000,3,33333.333333333336,20100723
20100806,968,267020,16544,Confirmed Eruption,3,Observations: Reported,2010,8,6,2010,12,16,2010-08-06,2010-12-16,50000000,133,375939.84962406015,20100806
20100810,670,251020,14935,Confirmed Eruption,3,Observations: Reported,2010,8,10,2013,12,15,2010-08-10,2013-12-15,50000000,1224,40849.67320261438,20100810
20110222,1103,266100,20792,Confirmed Eruption,1,Observations: Reported,2011,2,22,2011,2,22,2011-02-22,2011-02-22,100000,1,100000.0,20110222
20110311,974,267020,20775,Confirmed Eruption,2,Observations: Reported,2011,3,11,2011,8,13,2011-03-11,2011-08-13,5000000,156,32051.28205128205,20110311
20110329,1202,252140,20810,Confirmed Eruption,2,Observations: Reported,2011,3,29,2011,8,12,2011-03-29,2011-08-12,5000000,137,36496.3503649635,20110329
20110626,1094,266100,20793,Confirmed Eruption,2,Observations: Reported,2011,6,26,2012,5,2,2011-06-26,2012-05-02,5000000,312,16025.641025641025,20110626
20110703,1081,266030,20820,Confirmed Eruption,3,Observations: Reported,2011,7,3,2011,8,15,2011-07-03,2011-08-15,50000000,44,1136363.6363636365,20110703
20111205,599,268060,20765,Confirmed Eruption,2,Observations: Reported,2011,12,5,2011,12,23,2011-12-05,2011-12-23,5000000,19,263157.8947368421,20111205
20120201,680,251030,20778,Uncertain Eruption,3,Observations: Reported,2012,2,1,2012,2,1,2012-02-01,2012-02-01,50000000,1,50000000.0,20120201
20120503,835,252080,20805,Confirmed Eruption,2,Observations: Reported,2012,5,3,2012,7,11,2012-05-03,2012-07-11,5000000,70,71428.57142857143,20120503
20120507,842,252120,20833,Confirmed Eruption,1,Observations: Reported,2012,5,7,2012,5,31,2012-05-07,2012-05-31,100000,25,4000.0,20120507
20120514,975,267020,20776,Confirmed Eruption,2,Observations: Reported,2012,5,14,2013,9,5,2012-05-14,2013-09-05,5000000,480,10416.666666666666,20120514
20120826,1082,266030,20821,Confirmed Eruption,3,Observations: Reported,2012,8,26,2012,9,19,2012-08-26,2012-09-19,50000000,25,2000000.0,20120826
20120915,600,268060,20766,Confirmed Eruption,1,Observations: Reported,2012,9,15,2012,9,17,2012-09-15,2012-09-17,100000,3,33333.333333333336,20120915
20120915,1095,266100,20794,Confirmed Eruption,2,Observations: Reported,2012,9,15,2013,9,10,2012-09-15,2013-09-10,5000000,361,13850.415512465373,20120915
20121106,868,252120,20834,Confirmed Eruption,1,Observations: Reported,2012,11,6,2012,12,11,2012-11-06,2012-12-11,100000,36,2777.777777777778,20121106
20121201,107,252010,20788,Confirmed Eruption,1,Observations: Reported,2012,12,1,2012,12,5,2012-12-01,2012-12-05,100000,5,20000.0,20121201
20130119,1203,252140,20811,Confirmed Eruption,2,Observations: Reported,2013,1,19,2014,3,11,2013-01-19,2014-03-11,5000000,417,11990.407673860911,20130119
20130123,996,268040,20915,Uncertain Eruption,1,Observations: Reported,2013,1,23,2013,5,27,2013-01-23,2013-05-27,100000,125,800.0,20130123
20130129,681,251030,20779,Uncertain Eruption,3,Observations: Reported,2013,1,29,2013,3,15,2013-01-29,2013-03-15,50000000,46,1086956.5217391304,20130129
20130708,869,252120,20835,Confirmed Eruption,1,Observations: Reported,2013,7,8,2013,12,21,2013-07-08,2013-12-21,100000,167,598.8023952095808,20130708
20140129,122,255060,20920,Confirmed Eruption,1,Observations: Satellite (visual),2014,1,29,2014,1,29,2014-01-29,2014-01-29,100000,1,100000.0,20140129
20140209,970,267020,20913,Confirmed Eruption,2,Observations: Reported,2014,2,9,2014,2,9,2014-02-09,2014-02-09,5000000,1,5000000.0,20140209
20140326,682,251030,20910,Uncertain Eruption,1,Observations: Reported,2014,3,26,2014,3,27,2014-03-26,2014-03-27,100000,2,50000.0,20140326
20140608,967,267020,20914,Confirmed Eruption,2,Observations: Reported,2014,6,8,2016,3,15,2014-06-08,2016-03-15,5000000,647,7727.975270479134,20140608
20140629,672,251020,20956,Confirmed Eruption,4,Observations: Reported,2014,6,29,2018,1,10,2014-06-29,2018-01-10,500000000,1292,386996.9040247678,20140629
20140707,1204,252140,20957,Confirmed Eruption,3,Observations: Reported,2014,7,7,2014,9,18,2014-07-07,2014-09-18,50000000,74,675675.6756756756,20140707
20141218,604,268060,20989,Confirmed Eruption,2,Observations: Reported,2014,12,18,2014,12,25,2014-12-18,2014-12-25,5000000,8,625000.0,20141218
20150106,1078,266030,20988,Confirmed Eruption,3,Observations: Reported,2015,1,6,2015,3,9,2015-01-06,2015-03-09,50000000,63,793650.7936507936,20150106
20150520,1096,266100,21071,Confirmed Eruption,1,Observations: Reported,2015,5,20,2015,5,27,2015-05-20,2015-05-27,100000,8,12500.0,20150520
20150716,605,268060,21087,Confirmed Eruption,2,Observations: Reported,2015,7,16,2015,9,8,2015-07-16,2015-09-08,5000000,55,90909.09090909091,20150716
20150830,1097,266100,21093,Confirmed Eruption,2,Observations: Reported,2015,8,30,2015,9,28,2015-08-30,2015-09-28,5000000,30,166666.66666666666,20150830
20151022,103,252010,22123,Confirmed Eruption,2,Observations: Reported,2015,10,22,2024,12,8,2015-10-22,2024-12-08,5000000,3336,1498.8009592326139,20151022
20160102,1079,266030,22105,Confirmed Eruption,3,Observations: Reported,2016,1,2,2016,2,7,2016-01-02,2016-02-07,50000000,37,1351351.3513513512,20160102
20160803,606,268060,22150,Confirmed Eruption,1,Observations: Reported,2016,8,3,2016,8,4,2016-08-03,2016-08-04,100000,2,50000.0,20160803
20161011,849,252120,22171,Confirmed Eruption,1,Observations: Reported,2016,10,11,2016,11,18,2016-10-11,2016-11-18,100000,39,2564.102564102564,20161011
20170611,843,252120,22225,Confirmed Eruption,1,Observations: Reported,2017,6,11,2017,11,3,2017-06-11,2017-11-03,100000,146,684.931506849315,20170611
20171021,623,256010,22239,Confirmed Eruption,3,Observations: Reported,2017,10,21,2017,10,26,2017-10-21,2017-10-26,50000000,6,8333333.333333333,20171021
20180105,668,251002,22246,Confirmed Eruption,2,Observations: Reported,2018,1,5,2023,5,14,2018-01-05,2023-05-14,5000000,1956,2556.237218813906,20180105
20180202,965,267020,22256,Confirmed Eruption,1,Observations: Reported,2018,2,2,2018,2,2,2018-02-02,2018-02-02,100000,1,100000.0,20180202
20180510,671,251020,22578,Confirmed Eruption,4,Observations: Satellite (infrared),2018,5,10,2024,12,19,2018-05-10,2024-12-19,500000000,2416,206953.64238410597,20180510
20180608,839,252120,22285,Confirmed Eruption,1,Observations: Reported,2018,6,8,2018,6,8,2018-06-08,2018-06-08,100000,1,100000.0,20180608
20180704,969,267020,22574,Confirmed Eruption,1,Observations: Satellite (visual),2018,7,4,2018,7,4,2018-07-04,2018-07-04,100000,1,100000.0,20180704
20180921,840,252120,22286,Confirmed Eruption,2,Observations: Reported,2018,9,21,2018,10,12,2018-09-21,2018-10-12,5000000,22,227272.72727272726,20180921
20181002,1086,266030,22293,Confirmed Eruption,3,Observations: Reported,2018,10,2,2018,12,16,2018-10-02,2018-12-16,50000000,76,657894.7368421053,20181002
20181004,598,268060,22295,Confirmed Eruption,1,Observations: Reported,2018,10,4,2018,10,6,2018-10-04,2018-10-06,100000,3,33333.333333333336,20181004
20181125,966,267020,22294,Confirmed Eruption,2,Observations: Reported,2018,11,25,2021,1,30,2018-11-25,2021-01-30,5000000,798,6265.664160401003,20181125
20181208,620,256010,22313,Confirmed Eruption,2,Observations: Reported,2018,12,8,2024,12,11,2018-12-08,2024-12-11,5000000,2196,2276.8670309653917,20181208
20190626,841,252120,22319,Confirmed Eruption,4,Observations: Reported,2019,6,26,2019,10,5,2019-06-26,2019-10-05,500000000,102,4901960.784313725,20190626
